{
  "eye": {
    "orientation": [
      -0.16143681108951569,
      -0.6606094837188721,
      -0.7247496843338013,
      -0.11077550798654556
    ],
    "magnitude": 1,
    "position": [
      796.8069458007812,
      346.5312805175781,
      286.2093505859375
    ]
  },
  "radius": 793.2212524414062,
  "type": "PERSPECTIVE"
}